id,full_name,email,password,profile_pic,created_at
1,Owais Shah,owaisshah1@example.com,student123,default.png,2024-09-07 00:00:00
2,Vanessa Gillani,vanessagillani2@example.com,student123,default.png,2024-11-02 00:00:00
3,Omar Butt,omarbutt3@example.com,student123,default.png,2025-03-08 00:00:00
4,Gina Zaidi,ginazaidi4@example.com,student123,default.png,2024-09-23 00:00:00
5,Lubna Rajput,lubnarajput5@example.com,student123,default.png,2024-09-09 00:00:00
6,Bilal Raza,bilalraza6@example.com,student123,default.png,2024-10-26 00:00:00
7,Omar Warsi,omarwarsi7@example.com,student123,default.png,2025-02-02 00:00:00
8,Bilal Abbasi,bilalabbasi8@example.com,student123,default.png,2025-03-03 00:00:00
9,Palwasha Zaidi,palwashazaidi9@example.com,student123,default.png,2024-12-17 00:00:00
10,Omar Sheikh,omarsheikh10@example.com,student123,default.png,2025-01-29 00:00:00
11,Rania Khan,raniakhan11@example.com,student123,default.png,2025-03-14 00:00:00
12,Komal Rajput,komalrajput12@example.com,student123,default.png,2024-11-27 00:00:00
13,Rania Chaudhry,raniachaudhry13@example.com,student123,default.png,2024-10-26 00:00:00
14,Waheed Khattak,waheedkhattak14@example.com,student123,default.png,2024-09-27 00:00:00
15,Faraz Niazi,farazniazi15@example.com,student123,default.png,2024-09-25 00:00:00
16,Waqas Lodhi,waqaslodhi16@example.com,student123,default.png,2025-02-02 00:00:00
17,Qasim Ali,qasimali17@example.com,student123,default.png,2025-03-06 00:00:00
18,Dina Zaidi,dinazaidi18@example.com,student123,default.png,2024-10-02 00:00:00
19,Yusuf Raza,yusufraza19@example.com,student123,default.png,2025-01-20 00:00:00
20,Sara Memon,saramemon20@example.com,student123,default.png,2025-01-26 00:00:00
21,Musa Malik,musamalik21@example.com,student123,default.png,2024-09-12 00:00:00
22,Qadir Cheema,qadircheema22@example.com,student123,default.png,2025-03-17 00:00:00
23,Sara Raza,sararaza23@example.com,student123,default.png,2024-10-30 00:00:00
24,Gina Niazi,ginaniazi24@example.com,student123,default.png,2024-11-11 00:00:00
25,Dina Memon,dinamemon25@example.com,student123,default.png,2024-10-12 00:00:00
26,Xena Lodhi,xenalodhi26@example.com,student123,default.png,2024-10-24 00:00:00
27,Qadir Gillani,qadirgillani27@example.com,student123,default.png,2025-02-27 00:00:00
28,Ruba Malik,rubamalik28@example.com,student123,default.png,2025-02-03 00:00:00
29,Owais Mirza,owaismirza29@example.com,student123,default.png,2025-01-15 00:00:00
30,Umair Dogar,umairdogar30@example.com,student123,default.png,2024-10-12 00:00:00
31,Dina Niazi,dinaniazi31@example.com,student123,default.png,2024-11-09 00:00:00
32,Owais Cheema,owaischeema32@example.com,student123,default.png,2025-02-23 00:00:00
33,Usman Hassan,usmanhassan33@example.com,student123,default.png,2024-10-29 00:00:00
34,Chloe Javed,chloejaved34@example.com,student123,default.png,2024-12-12 00:00:00
35,Rania Malik,raniamalik35@example.com,student123,default.png,2024-10-25 00:00:00
36,Kamil Javed,kamiljaved36@example.com,student123,default.png,2024-10-25 00:00:00
37,Palwasha Virk,palwashavirk37@example.com,student123,default.png,2024-12-11 00:00:00
38,Palwasha Tariq,palwashatariq38@example.com,student123,default.png,2024-10-07 00:00:00
39,Qasim Butt,qasimbutt39@example.com,student123,default.png,2024-11-03 00:00:00
40,Vanessa Zaidi,vanessazaidi40@example.com,student123,default.png,2024-11-07 00:00:00
41,Vanessa Rajput,vanessarajput41@example.com,student123,default.png,2025-01-28 00:00:00
42,Zara Memon,zaramemon42@example.com,student123,default.png,2024-10-27 00:00:00
43,Isha Warsi,ishawarsi43@example.com,student123,default.png,2025-01-05 00:00:00
44,Faraz Hassan,farazhassan44@example.com,student123,default.png,2024-09-29 00:00:00
45,Junaid Mirza,junaidmirza45@example.com,student123,default.png,2025-02-22 00:00:00
46,Babar Malik,babarmalik46@example.com,student123,default.png,2024-12-08 00:00:00
47,Yusuf Tariq,yusuftariq47@example.com,student123,default.png,2025-01-14 00:00:00
48,Qasim Khan,qasimkhan48@example.com,student123,default.png,2025-02-22 00:00:00
49,Umair Shah,umairshah49@example.com,student123,default.png,2025-02-22 00:00:00
50,Imran Gillani,imrangillani50@example.com,student123,default.png,2025-03-16 00:00:00
51,Palwasha Khattak,palwashakhattak51@example.com,student123,default.png,2024-09-29 00:00:00
52,Sara Rajput,sararajput52@example.com,student123,default.png,2024-10-11 00:00:00
53,Dina Khan,dinakhan53@example.com,student123,default.png,2025-03-04 00:00:00
54,Umair Farooqi,umairfarooqi54@example.com,student123,default.png,2025-01-07 00:00:00
55,Waheed Qureshi,waheedqureshi55@example.com,student123,default.png,2025-01-08 00:00:00
56,Gina Iqbal,ginaiqbal56@example.com,student123,default.png,2025-02-11 00:00:00
57,Ghazi Abbasi,ghaziabbasi57@example.com,student123,default.png,2024-10-10 00:00:00
58,Xena Mirza,xenamirza58@example.com,student123,default.png,2025-01-17 00:00:00
59,Yasmin Yousaf,yasminyousaf59@example.com,student123,default.png,2024-09-01 00:00:00
60,Maaz Javed,maazjaved60@example.com,student123,default.png,2025-01-04 00:00:00
61,Bilal Shah,bilalshah61@example.com,student123,default.png,2024-12-02 00:00:00
62,Tariq Dogar,tariqdogar62@example.com,student123,default.png,2024-09-15 00:00:00
63,Pari Raza,pariraza63@example.com,student123,default.png,2024-09-22 00:00:00
64,Umair Virk,umairvirk64@example.com,student123,default.png,2024-09-18 00:00:00
65,Waheed Zaidi,waheedzaidi65@example.com,student123,default.png,2025-03-16 00:00:00
66,Isha Butt,ishabutt66@example.com,student123,default.png,2025-02-16 00:00:00
67,Ehan Mirza,ehanmirza67@example.com,student123,default.png,2024-11-07 00:00:00
68,Hira Rajput,hirarajput68@example.com,student123,default.png,2024-10-25 00:00:00
69,Imran Abbasi,imranabbasi69@example.com,student123,default.png,2025-03-02 00:00:00
70,Tariq Orakzai,tariqorakzai70@example.com,student123,default.png,2025-02-19 00:00:00
71,Palwasha Memon,palwashamemon71@example.com,student123,default.png,2024-12-22 00:00:00
72,Hira Sheikh,hirasheikh72@example.com,student123,default.png,2024-10-01 00:00:00
73,Pari Cheema,paricheema73@example.com,student123,default.png,2024-09-17 00:00:00
74,Vicky Ahmed,vickyahmed74@example.com,student123,default.png,2025-01-29 00:00:00
75,Javeria Cheema,javeriacheema75@example.com,student123,default.png,2025-01-29 00:00:00
